Country,Continent
Afghanistan,Asia
Albania,Europe
Algeria,Africa
American Samoa,Oceania
Andorra,Europe
Angola,Africa
Anguilla,North America
Antigua and Barbuda,North America
Argentina,South America
Armenia,Europe
Aruba,North America
Australia,Australia
Austria,Europe
Azerbaijan,Asia
Bahamas,North America
Bahrain,Asia
Bangladesh,Asia
Barbados,North America
Belarus,Europe
Belgium,Europe
Belize,North America
Benin,Africa
Bermuda,North America
Bhutan,Asia
Bolivia,South America
Bosnia-Herzegovina,Europe
Botswana,Africa
Brazil,South America
British Indian Ocean Territory,Asia
British Virgin Islands,North America
Brunei,Asia
Bulgaria,Europe
Burkina Faso,Africa
Burundi,Africa
Cambodia,Asia
Cameroon,Africa
Canada,North America
Cape Verde,Africa
Cayman Islands,North America
Central African Republic,Africa
Chad,Africa
Chile,South America
China,Asia
"China, Hong Kong",Asia
"China, Macau",Asia
Christmas Island,Oceania
Cocos (Keeling) Islands,Oceania
Colombia,South America
Comoros,Africa
"Congo, Democratic Republic of",Africa
"Congo, Republic of the",Africa
Cook Islands,Oceania
Costa Rica,North America
CÃ´te d'Ivoire,Africa
Croatia,Europe
Cuba,North America
Curacao,North America
Cyprus,Europe
Czechia,Europe
Denmark,Europe
Djibouti,Africa
Dominica,North America
Dominican Republic,North America
East Timor,Asia
Ecuador,South America
Egypt,Africa
El Salvador,North America
Equatorial Guinea,Africa
Eritrea,Africa
Estonia,Europe
Ethiopia,Africa
Falkland Islands,South America
Faroe Islands,Europe
Fiji,Oceania
Finland,Europe
France,Europe
French Guiana,South America
French Polynesia,Oceania
Gabon,Africa
Gambia,Africa
Georgia,Europe
Germany,Europe
Ghana,Africa
Gibraltar,Europe
Greece,Europe
Greenland,North America
Grenada,North America
Guadeloupe,North America
Guam,Oceania
Guatemala,North America
Guinea,Africa
Guinea-Bissau,Africa
Guyana,South America
Haiti,North America
Honduras,North America
Hungary,Europe
Iceland,Europe
India,Asia
Indonesia,Asia
Iran,Asia
Iraq,Asia
Ireland,Europe
Isle of Man,Europe
Israel,Asia
Italy,Europe
Jamaica,North America
Japan,Asia
Jordan,Asia
Kazakhstan,Asia
Kenya,Africa
Kiribati (Gilbert),Oceania
"Korea, North",Asia
"Korea, South",Asia
Kosovo,Europe
Kuwait,Asia
Kyrgyzstan,Asia
Laos,Asia
Latvia,Europe
Lebanon,Asia
Lesotho,Africa
Liberia,Africa
Libya,Africa
Liechtenstein,Europe
Lithuania,Europe
Luxembourg,Europe
Macedonia,Europe
Madagascar,Africa
Malawi,Africa
Malaysia,Asia
Maldives,Asia
Mali,Africa
Malta,Europe
Marshall Islands,Oceania
Martinique,North America
Mauritania,Africa
Mauritius,Africa
Mayotte,Africa
Mexico,North America
"Micronesia, Federated States",Oceania
Moldova,Europe
Monaco,Europe
Mongolia,Asia
Montenegro,Europe
Montserrat,North America
Morocco,Africa
Mozambique,Africa
Myanmar (Burma),Asia
Namibia,Africa
Nauru,Oceania
Nepal,Asia
Netherlands,Europe
New Caledonia,Oceania
New Zealand,Oceania
Nicaragua,North America
Niger,Africa
Nigeria,Africa
Niue,Oceania
Norfolk Island,Oceania
Northern Mariana Islands,Oceania
Norway,Europe
Oman,Asia
Pakistan,Asia
Palau,Oceania
Panama,North America
Papua New Guinea,Australia
Paraguay,South America
Peru,South America
Philippines,Asia
Pitcairn Islands,Oceania
Poland,Europe
Portugal,Europe
Puerto Rico,North America
Qatar,Asia
Reunion,Africa
Romania,Europe
Russia,Asia
Rwanda,Africa
Saint Helena,Africa
Saint Kitts and Nevis,North America
Saint Lucia,North America
Saint Pierre and Miquelon,North America
Samoa,Oceania
San Marino,Europe
Sao Tome and Principe,Africa
Saudi Arabia,Asia
Senegal,Africa
Serbia,Europe
Seychelles,Africa
Sierra Leone,Africa
Singapore,Asia
Sint Maarten,North America
Slovakia,Europe
Slovenia,Europe
Solomon Islands,Oceania
Somalia,Africa
South Africa,Africa
South Sudan,Africa
Spain,Europe
Sri Lanka,Asia
St Vincent and Grenadines,North America
Sudan,Africa
Suriname,South America
Svalbard,Europe
Swaziland,Africa
Sweden,Europe
Switzerland,Europe
Syria,Asia
Taiwan,Asia
Tajikistan,Asia
Tanzania,Africa
Thailand,Asia
Togo,Africa
Tokelau,Oceania
Tonga,Oceania
Trinidad and Tobago,North America
Tunisia,Africa
Turkey,Asia
Turkmenistan,Asia
Turks and Caicos Islands,North America
Tuvalu,Oceania
Uganda,Africa
Ukraine,Europe
United Arab Emirates,Asia
United Kingdom,Europe
United States,North America
Uruguay,South America
Uzbekistan,Asia
Vanuatu,Oceania
Vatican City,Europe
Venezuela,South America
Vietnam,Asia
Virgin Islands (U.S.),North America
Wallis and Futuna Islands,Oceania
West Bank / Gaza,Asia
Western Sahara,Africa
Yemen,Asia
Zambia,Africa
Zimbabwe,Africa
